/*
 Navicat Premium Data Transfer

 Source Server         : LESTARI
 Source Server Type    : MySQL
 Source Server Version : 50725
 Source Host           : 220.247.174.125:3306
 Source Schema         : absensi

 Target Server Type    : MySQL
 Target Server Version : 50725
 File Encoding         : 65001

 Date: 18/03/2019 13:00:27
*/

SET NAMES utf8mb4;
SET FOREIGN_KEY_CHECKS = 0;

-- ----------------------------
-- Table structure for absen_pegawai
-- ----------------------------
DROP TABLE IF EXISTS `absen_pegawai`;
CREATE TABLE `absen_pegawai`  (
  `id` int(11) NOT NULL AUTO_INCREMENT,
  `tgl_absen` datetime(0) NULL DEFAULT NULL,
  `nip` varchar(15) CHARACTER SET latin1 COLLATE latin1_swedish_ci NULL DEFAULT NULL,
  `location` varchar(255) CHARACTER SET latin1 COLLATE latin1_swedish_ci NULL DEFAULT NULL,
  `tgl_pulang` datetime(0) NULL DEFAULT NULL,
  PRIMARY KEY (`id`) USING BTREE
) ENGINE = InnoDB AUTO_INCREMENT = 1 CHARACTER SET = latin1 COLLATE = latin1_swedish_ci ROW_FORMAT = Dynamic;

-- ----------------------------
-- Table structure for akses
-- ----------------------------
DROP TABLE IF EXISTS `akses`;
CREATE TABLE `akses`  (
  `username` varchar(10) CHARACTER SET latin1 COLLATE latin1_swedish_ci NOT NULL,
  `kd_menu` varchar(10) CHARACTER SET latin1 COLLATE latin1_swedish_ci NOT NULL
) ENGINE = InnoDB CHARACTER SET = latin1 COLLATE = latin1_swedish_ci ROW_FORMAT = Dynamic;

-- ----------------------------
-- Records of akses
-- ----------------------------
INSERT INTO `akses` VALUES ('admin', 'mn1');
INSERT INTO `akses` VALUES ('admin', 'mn11');
INSERT INTO `akses` VALUES ('admin', 'mn12');
INSERT INTO `akses` VALUES ('admin', 'mn13');
INSERT INTO `akses` VALUES ('admin', 'mn2');
INSERT INTO `akses` VALUES ('admin', 'mn21');
INSERT INTO `akses` VALUES ('admin', 'mn22');
INSERT INTO `akses` VALUES ('admin', 'mn23');
INSERT INTO `akses` VALUES ('admin', 'mn24');
INSERT INTO `akses` VALUES ('admin', 'mn3');
INSERT INTO `akses` VALUES ('admin', 'mn31');
INSERT INTO `akses` VALUES ('admin', 'mn19');
INSERT INTO `akses` VALUES ('murlan', 'mn1');
INSERT INTO `akses` VALUES ('murlan', 'mn13');

-- ----------------------------
-- Table structure for api
-- ----------------------------
DROP TABLE IF EXISTS `api`;
CREATE TABLE `api`  (
  `hit` int(4) NULL DEFAULT NULL
) ENGINE = InnoDB CHARACTER SET = latin1 COLLATE = latin1_swedish_ci ROW_FORMAT = Dynamic;

-- ----------------------------
-- Records of api
-- ----------------------------
INSERT INTO `api` VALUES (0);

-- ----------------------------
-- Table structure for data_absen
-- ----------------------------
DROP TABLE IF EXISTS `data_absen`;
CREATE TABLE `data_absen`  (
  `id` int(11) NOT NULL AUTO_INCREMENT,
  `tgl` date NULL DEFAULT NULL,
  `nip` varchar(15) CHARACTER SET latin1 COLLATE latin1_swedish_ci NULL DEFAULT NULL,
  `ket_absen` varchar(20) CHARACTER SET latin1 COLLATE latin1_swedish_ci NULL DEFAULT NULL,
  PRIMARY KEY (`id`) USING BTREE
) ENGINE = InnoDB AUTO_INCREMENT = 1 CHARACTER SET = latin1 COLLATE = latin1_swedish_ci ROW_FORMAT = Dynamic;

-- ----------------------------
-- Table structure for data_wajah
-- ----------------------------
DROP TABLE IF EXISTS `data_wajah`;
CREATE TABLE `data_wajah`  (
  `nip` varchar(15) CHARACTER SET latin1 COLLATE latin1_swedish_ci NULL DEFAULT NULL,
  `face_id` longtext CHARACTER SET latin1 COLLATE latin1_swedish_ci NULL
) ENGINE = InnoDB CHARACTER SET = latin1 COLLATE = latin1_swedish_ci ROW_FORMAT = Dynamic;

-- ----------------------------
-- Records of data_wajah
-- ----------------------------
INSERT INTO `data_wajah` VALUES ('200003162', '9c531966-c108-4962-929c-dbda0c2a4d19');
INSERT INTO `data_wajah` VALUES ('201003260', 'ef05503c-3f94-42d6-b6c2-37064b3fc097');
INSERT INTO `data_wajah` VALUES ('200001167', 'df595ee6-174f-4316-a770-df5bb9f0303f');

-- ----------------------------
-- Table structure for golongan
-- ----------------------------
DROP TABLE IF EXISTS `golongan`;
CREATE TABLE `golongan`  (
  `gol` varchar(3) CHARACTER SET latin1 COLLATE latin1_swedish_ci NOT NULL,
  `keterangan` varchar(50) CHARACTER SET latin1 COLLATE latin1_swedish_ci NULL DEFAULT NULL,
  `id_gol` int(11) NOT NULL AUTO_INCREMENT,
  PRIMARY KEY (`id_gol`, `gol`) USING BTREE
) ENGINE = InnoDB AUTO_INCREMENT = 18 CHARACTER SET = latin1 COLLATE = latin1_swedish_ci ROW_FORMAT = Dynamic;

-- ----------------------------
-- Records of golongan
-- ----------------------------
INSERT INTO `golongan` VALUES ('A1', 'penata muda 1A', 5);
INSERT INTO `golongan` VALUES ('A3', 'penata muda 3', 6);
INSERT INTO `golongan` VALUES ('B4', 'penata junior 4', 7);
INSERT INTO `golongan` VALUES ('C2', 'penata senior 2', 9);
INSERT INTO `golongan` VALUES ('C3', 'penata senior 3', 10);
INSERT INTO `golongan` VALUES ('C4', 'penata senior 4', 11);
INSERT INTO `golongan` VALUES ('D1', 'penata legend 1', 12);
INSERT INTO `golongan` VALUES ('B2', 'penata junior 2', 13);
INSERT INTO `golongan` VALUES ('D2', 'testing guys', 14);
INSERT INTO `golongan` VALUES ('A2', 'test oe', 15);
INSERT INTO `golongan` VALUES ('G2', 'gege', 16);
INSERT INTO `golongan` VALUES ('C1', 'penata senior 1', 17);

-- ----------------------------
-- Table structure for izin_pegawai
-- ----------------------------
DROP TABLE IF EXISTS `izin_pegawai`;
CREATE TABLE `izin_pegawai`  (
  `id` int(11) NOT NULL AUTO_INCREMENT,
  `tgl_mohon` datetime(0) NULL DEFAULT NULL,
  `nip` varchar(15) CHARACTER SET latin1 COLLATE latin1_swedish_ci NULL DEFAULT NULL,
  `ket_absen` varchar(10) CHARACTER SET latin1 COLLATE latin1_swedish_ci NULL DEFAULT NULL,
  `keterangan` varchar(255) CHARACTER SET latin1 COLLATE latin1_swedish_ci NULL DEFAULT NULL,
  `tgl_mulai` date NULL DEFAULT NULL,
  `tgl_selesai` date NULL DEFAULT NULL,
  `status` tinyint(1) NULL DEFAULT 0 COMMENT '0 = PENGAJUAN | 1 = ACC | 2 = DITOLAK',
  `file` varchar(255) CHARACTER SET latin1 COLLATE latin1_swedish_ci NULL DEFAULT NULL,
  `status_notif` int(11) NULL DEFAULT 0,
  PRIMARY KEY (`id`) USING BTREE
) ENGINE = InnoDB AUTO_INCREMENT = 1 CHARACTER SET = latin1 COLLATE = latin1_swedish_ci ROW_FORMAT = Dynamic;

-- ----------------------------
-- Table structure for jenis_absen
-- ----------------------------
DROP TABLE IF EXISTS `jenis_absen`;
CREATE TABLE `jenis_absen`  (
  `ket_absen` varchar(20) CHARACTER SET latin1 COLLATE latin1_swedish_ci NULL DEFAULT NULL
) ENGINE = InnoDB CHARACTER SET = latin1 COLLATE = latin1_swedish_ci ROW_FORMAT = Dynamic;

-- ----------------------------
-- Records of jenis_absen
-- ----------------------------
INSERT INTO `jenis_absen` VALUES ('Izin');
INSERT INTO `jenis_absen` VALUES ('Sakit');
INSERT INTO `jenis_absen` VALUES ('Cuti');

-- ----------------------------
-- Table structure for konfigurasi
-- ----------------------------
DROP TABLE IF EXISTS `konfigurasi`;
CREATE TABLE `konfigurasi`  (
  `jam_masuk` time(0) NULL DEFAULT NULL,
  `jam_toleransi` time(0) NULL DEFAULT NULL,
  `min_to_update` int(3) NULL DEFAULT NULL,
  `area_kantor` text CHARACTER SET latin1 COLLATE latin1_swedish_ci NULL,
  `jam_pulang` time(0) NULL DEFAULT NULL
) ENGINE = InnoDB CHARACTER SET = latin1 COLLATE = latin1_swedish_ci ROW_FORMAT = Dynamic;

-- ----------------------------
-- Records of konfigurasi
-- ----------------------------
INSERT INTO `konfigurasi` VALUES ('08:10:00', '08:23:00', 1, '[[-8.611369,116.111757],[-8.611338,116.111563],[-8.611739,116.111479],[-8.611731,116.111746],[-8.611369,116.111757]]', '22:00:00');

-- ----------------------------
-- Table structure for log_location
-- ----------------------------
DROP TABLE IF EXISTS `log_location`;
CREATE TABLE `log_location`  (
  `nip` varchar(15) CHARACTER SET latin1 COLLATE latin1_swedish_ci NULL DEFAULT NULL,
  `location` varchar(255) CHARACTER SET latin1 COLLATE latin1_swedish_ci NULL DEFAULT NULL,
  `tgl` timestamp(0) NULL DEFAULT CURRENT_TIMESTAMP(0)
) ENGINE = InnoDB CHARACTER SET = latin1 COLLATE = latin1_swedish_ci ROW_FORMAT = Dynamic;

-- ----------------------------
-- Table structure for menu
-- ----------------------------
DROP TABLE IF EXISTS `menu`;
CREATE TABLE `menu`  (
  `kd_menu` varchar(10) CHARACTER SET latin1 COLLATE latin1_swedish_ci NOT NULL,
  `nm_menu` varchar(52) CHARACTER SET latin1 COLLATE latin1_swedish_ci NOT NULL,
  `status` int(1) NOT NULL,
  `kd_parent` varchar(5) CHARACTER SET latin1 COLLATE latin1_swedish_ci NOT NULL,
  `controller` varchar(255) CHARACTER SET latin1 COLLATE latin1_swedish_ci NULL DEFAULT NULL,
  `icon` varchar(255) CHARACTER SET latin1 COLLATE latin1_swedish_ci NULL DEFAULT NULL,
  PRIMARY KEY (`kd_menu`) USING BTREE
) ENGINE = InnoDB CHARACTER SET = latin1 COLLATE = latin1_swedish_ci ROW_FORMAT = Dynamic;

-- ----------------------------
-- Records of menu
-- ----------------------------
INSERT INTO `menu` VALUES ('mn1', 'Setting', 1, '-', 'Setup', 'i-Gear');
INSERT INTO `menu` VALUES ('mn11', 'Konfigurasi', 0, 'mn1', 'Konfig', '-');
INSERT INTO `menu` VALUES ('mn12', 'Pegawai', 0, 'mn1', 'Pegawai', '-');
INSERT INTO `menu` VALUES ('mn13', 'Golongan', 0, 'mn1', 'Golongan', '-');
INSERT INTO `menu` VALUES ('mn19', 'Hak Akses', 0, 'mn1', 'HakAkses', '-');
INSERT INTO `menu` VALUES ('mn2', 'Aplikasi', 1, '-', 'Aplikasi', 'i-Dropbox');
INSERT INTO `menu` VALUES ('mn21', 'Live Location', 0, 'mn2', 'Live', '-');
INSERT INTO `menu` VALUES ('mn22', 'Pengumuman', 0, 'mn2', 'Pengumuman', '-');
INSERT INTO `menu` VALUES ('mn23', 'Data Absensi', 0, 'mn2', 'Absensi', '-');
INSERT INTO `menu` VALUES ('mn24', 'Pengajuan Izin', 0, 'mn2', 'Izin', '-');
INSERT INTO `menu` VALUES ('mn3', 'Laporan', 1, '-', 'Laporan', 'i-Professor');
INSERT INTO `menu` VALUES ('mn31', 'Laporan Absensi', 0, 'mn3', 'Laporan/Absensi', '-');

-- ----------------------------
-- Table structure for pegawai
-- ----------------------------
DROP TABLE IF EXISTS `pegawai`;
CREATE TABLE `pegawai`  (
  `id_pegawai` int(11) NOT NULL AUTO_INCREMENT,
  `nip` varchar(15) CHARACTER SET latin1 COLLATE latin1_swedish_ci NOT NULL,
  `nm_pegawai` varchar(255) CHARACTER SET latin1 COLLATE latin1_swedish_ci NULL DEFAULT NULL,
  `gol` varchar(3) CHARACTER SET latin1 COLLATE latin1_swedish_ci NULL DEFAULT NULL,
  `user_app` varchar(10) CHARACTER SET latin1 COLLATE latin1_swedish_ci NULL DEFAULT NULL,
  `pass_app` varchar(10) CHARACTER SET latin1 COLLATE latin1_swedish_ci NULL DEFAULT NULL,
  `imei` varchar(255) CHARACTER SET latin1 COLLATE latin1_swedish_ci NULL DEFAULT NULL,
  `last_location` varchar(255) CHARACTER SET latin1 COLLATE latin1_swedish_ci NULL DEFAULT NULL,
  `token` text CHARACTER SET latin1 COLLATE latin1_swedish_ci NULL,
  PRIMARY KEY (`id_pegawai`, `nip`) USING BTREE
) ENGINE = InnoDB AUTO_INCREMENT = 267 CHARACTER SET = latin1 COLLATE = latin1_swedish_ci ROW_FORMAT = Dynamic;

-- ----------------------------
-- Records of pegawai
-- ----------------------------
INSERT INTO `pegawai` VALUES (13, '200001167', 'ZULHAKIM SAPII', 'B4', 'zul', '1234', '869167037217822', '-8.6116812,116.1116377', 'dulzT05WF9c:APA91bFFtp6ssw7Reg2gdbbjYyffbdQ5aZWrkr0R8dRcrzudI_j6EDhXqrFVHoLqxrkUwOjJ4eZfd1ubGWV4xZGLCC6VUvgy4EVbJlnJYlJcrx99XCar08sTi5eUp39-l4qX6S8Z4EU1');
INSERT INTO `pegawai` VALUES (14, '200002165', 'MUHAMAD SA\'I', 'B1', 'alan', '1234', '867836037887766', '-8.582172,116.079482', '');
INSERT INTO `pegawai` VALUES (15, '200003162', 'SAHRUL HIDAYAT', 'B4', 'sahrul', '12345', '864448038287385', '-8.611749,116.1115887', 'eJxDdSj5nbY:APA91bE7hPZ0raCqH3BceJNrV6Tf4uPffOmrT1NFABb3cKeYtcc-ohKT7pBV-WCL3cwzU92dm7hSkY47UKxRkrRNpr1QNG4Myis4DzaTTJpvyODjCOuBwq2FWqgNgA6hlxwX-jEpjSy4');
INSERT INTO `pegawai` VALUES (16, '200003164', 'KHAIRIYAH', 'B4', NULL, NULL, NULL, NULL, NULL);
INSERT INTO `pegawai` VALUES (17, '200003166', 'MAHIDIN', 'C1', 'arbi', 'arbi', '868930024709247', NULL, 'fFanADGw-KA:APA91bE8Gqo7S5I57vHHABZonk3CyAew7vrSMqlZyNRPq_0tclEvJFjISQbCdia-bDg0IrAkAgF5cBT5hFjDrPf2uMN4wpscdj9B6nNwzGaFDeCAt7KcM-Mx-G1g0VU5yXgv4wisT48N');
INSERT INTO `pegawai` VALUES (18, '200003168', 'ABDUL BASIT', 'B4', NULL, NULL, NULL, NULL, NULL);
INSERT INTO `pegawai` VALUES (19, '200003169', 'SURYONO', 'B4', NULL, NULL, NULL, NULL, NULL);
INSERT INTO `pegawai` VALUES (20, '200003170', 'GUSTI PUTU SUCITA', 'C1', NULL, NULL, NULL, NULL, NULL);
INSERT INTO `pegawai` VALUES (21, '200003171', 'SUHARNO', 'C1', NULL, NULL, NULL, NULL, NULL);
INSERT INTO `pegawai` VALUES (22, '200003172', 'AMRIL YAKIN', 'B4', NULL, NULL, NULL, NULL, NULL);
INSERT INTO `pegawai` VALUES (23, '200103174', 'Hj. ANNI HARMAENI', 'B4', NULL, NULL, NULL, NULL, NULL);
INSERT INTO `pegawai` VALUES (24, '200103175', 'FARIDA', 'B4', NULL, NULL, NULL, NULL, NULL);
INSERT INTO `pegawai` VALUES (26, '200104173', 'Hj. MARLIA ROSALINA, S.Pt.', 'C4', NULL, NULL, NULL, NULL, NULL);
INSERT INTO `pegawai` VALUES (27, '200203178', 'ALVIAN MARIADI', 'B3', NULL, NULL, NULL, NULL, NULL);
INSERT INTO `pegawai` VALUES (28, '200203179', 'BQ. ATMAWATI, A.Md.', 'B3', NULL, NULL, NULL, NULL, NULL);
INSERT INTO `pegawai` VALUES (29, '200302180', 'JUNAIDI (Pjg)', 'B1', NULL, NULL, NULL, NULL, NULL);
INSERT INTO `pegawai` VALUES (30, '200303173', 'I WAYAN PUTU TANAYA', 'B4', NULL, NULL, NULL, NULL, NULL);
INSERT INTO `pegawai` VALUES (31, '200303180', 'LALU MURLAN', 'B3', NULL, NULL, NULL, NULL, NULL);
INSERT INTO `pegawai` VALUES (32, '200303181', 'BQ. HIDAYATI', 'B3', NULL, NULL, NULL, NULL, NULL);
INSERT INTO `pegawai` VALUES (33, '200303184', 'SUPARDAN', 'B3', NULL, NULL, NULL, NULL, NULL);
INSERT INTO `pegawai` VALUES (34, '200303187', 'AHMAD ABDULLAH, A.Md.', 'C1', NULL, NULL, NULL, NULL, NULL);
INSERT INTO `pegawai` VALUES (35, '200303188', 'SITI SAODAH', 'B4', NULL, NULL, NULL, NULL, NULL);
INSERT INTO `pegawai` VALUES (36, '200303189', 'FATMAWATI', 'B3', NULL, NULL, NULL, NULL, NULL);
INSERT INTO `pegawai` VALUES (37, '200303191', 'SATRIYADI', 'B4', NULL, NULL, NULL, NULL, NULL);
INSERT INTO `pegawai` VALUES (38, '200401201', 'MUSTIADI', 'A3', NULL, NULL, NULL, NULL, NULL);
INSERT INTO `pegawai` VALUES (40, '200402194', 'JOHANAN SATRIA', 'B1', NULL, NULL, NULL, NULL, NULL);
INSERT INTO `pegawai` VALUES (41, '200402196', 'HALIL', 'B1', 'q', 'q', '865181035890286', '-8.6395335,116.127634', NULL);
INSERT INTO `pegawai` VALUES (42, '200402207', 'ABDUL KADIR JAELANI', 'B1', NULL, NULL, NULL, NULL, NULL);
INSERT INTO `pegawai` VALUES (43, '200403200', 'IDA BAGUS WIRA UTAMA', 'B3', NULL, NULL, NULL, NULL, NULL);
INSERT INTO `pegawai` VALUES (44, '200403203', 'NURUL HIDAYAH', 'B3', NULL, NULL, NULL, NULL, NULL);
INSERT INTO `pegawai` VALUES (45, '200403204', 'M. RHEEVANI SURYA S. A.Md', 'B4', NULL, NULL, NULL, NULL, NULL);
INSERT INTO `pegawai` VALUES (46, '200403205', 'YOS SUDARSO', 'B4', NULL, NULL, NULL, NULL, NULL);
INSERT INTO `pegawai` VALUES (47, '200403206', 'RINI NURDIATI', 'B3', NULL, NULL, NULL, NULL, NULL);
INSERT INTO `pegawai` VALUES (48, '200404197', 'SILVIA SUSANTI, ST. MT.', 'C3', NULL, NULL, NULL, NULL, NULL);
INSERT INTO `pegawai` VALUES (49, '200404198', 'AHMAD FAROUQ, SE.', 'C3', NULL, NULL, NULL, NULL, NULL);
INSERT INTO `pegawai` VALUES (50, '200404199', 'JANUAR RAMADHAN, ST.', 'C3', NULL, NULL, NULL, NULL, NULL);
INSERT INTO `pegawai` VALUES (51, '200701209', 'M. HATTA KAMIL', 'A3', NULL, NULL, NULL, NULL, NULL);
INSERT INTO `pegawai` VALUES (52, '200701210', 'TURMUZI', 'A3', NULL, NULL, NULL, NULL, NULL);
INSERT INTO `pegawai` VALUES (53, '200701211', 'MURAD', 'A3', NULL, NULL, NULL, NULL, NULL);
INSERT INTO `pegawai` VALUES (54, '200702212', 'MUKSIN', 'A4', NULL, NULL, NULL, NULL, NULL);
INSERT INTO `pegawai` VALUES (55, '200702213', 'KURNIAWAN', 'A4', NULL, NULL, NULL, NULL, NULL);
INSERT INTO `pegawai` VALUES (56, '200702214', 'MUH. ILHAM FAJRI', 'A4', NULL, NULL, NULL, NULL, NULL);
INSERT INTO `pegawai` VALUES (57, '200702215', 'HARYADI HARTAWAN', 'A4', NULL, NULL, NULL, NULL, NULL);
INSERT INTO `pegawai` VALUES (58, '200702216', 'HERY KUSWANTO', 'A4', NULL, NULL, NULL, NULL, NULL);
INSERT INTO `pegawai` VALUES (59, '200702217', 'L. MOH. SUHAILI', 'A4', NULL, NULL, NULL, NULL, NULL);
INSERT INTO `pegawai` VALUES (60, '200702218', 'IDA KETUT SARJANA', 'A4', NULL, NULL, NULL, NULL, NULL);
INSERT INTO `pegawai` VALUES (61, '200702219', 'KUSNAYADI', 'A4', NULL, NULL, NULL, NULL, NULL);
INSERT INTO `pegawai` VALUES (62, '200702220', 'RUSMAN HADI', 'A4', NULL, NULL, NULL, NULL, NULL);
INSERT INTO `pegawai` VALUES (63, '200702221', 'MASNI', 'A4', NULL, NULL, NULL, NULL, NULL);
INSERT INTO `pegawai` VALUES (64, '200702222', 'L. MARULLAH', 'A4', NULL, NULL, NULL, NULL, NULL);
INSERT INTO `pegawai` VALUES (65, '200702223', 'AGUS NIADI', 'A4', NULL, NULL, NULL, NULL, NULL);
INSERT INTO `pegawai` VALUES (66, '200702224', 'L SUKARDI', 'A4', NULL, NULL, NULL, NULL, NULL);
INSERT INTO `pegawai` VALUES (67, '200702225', 'MUHAMMAD SUJJAI', 'A4', NULL, NULL, NULL, NULL, NULL);
INSERT INTO `pegawai` VALUES (68, '200702229', 'ZAENUL  ARIFIN', 'A4', NULL, NULL, NULL, NULL, NULL);
INSERT INTO `pegawai` VALUES (69, '200702230', 'JUNIADI', 'A4', NULL, NULL, NULL, NULL, NULL);
INSERT INTO `pegawai` VALUES (70, '200702231', 'JAKA', 'A4', 'qwe', 'qwe', '867464027669050', NULL, NULL);
INSERT INTO `pegawai` VALUES (71, '200703232', 'NURANITA', 'B2', NULL, NULL, NULL, NULL, NULL);
INSERT INTO `pegawai` VALUES (72, '200703235', 'M. RASULUDDIN', 'B2', NULL, NULL, NULL, NULL, NULL);
INSERT INTO `pegawai` VALUES (73, '200703236', 'HANA SEPTIANA', 'B2', NULL, NULL, NULL, NULL, NULL);
INSERT INTO `pegawai` VALUES (74, '200704238', 'WAWAN SUPRYADI, S.E.T.', 'C2', NULL, NULL, NULL, NULL, NULL);
INSERT INTO `pegawai` VALUES (75, '200704239', 'BQ. EMIRA FANORAMA, SH', 'C2', NULL, NULL, NULL, NULL, NULL);
INSERT INTO `pegawai` VALUES (76, '200802240', 'MUHLIS', 'A4', NULL, NULL, NULL, NULL, NULL);
INSERT INTO `pegawai` VALUES (77, '200802241', 'SOFYAN ZIKRONI', 'A4', NULL, NULL, NULL, NULL, NULL);
INSERT INTO `pegawai` VALUES (78, '200802242', 'M. ZIAD INDRAFAHRUDY', 'A4', NULL, NULL, NULL, NULL, NULL);
INSERT INTO `pegawai` VALUES (79, '200803243', 'WAHYU GUNAWAN HADI. A.Md.', 'B3', NULL, NULL, NULL, NULL, NULL);
INSERT INTO `pegawai` VALUES (80, '200803244', 'KEMAS AHMAD YANI, A.Md', 'B3', NULL, NULL, NULL, NULL, NULL);
INSERT INTO `pegawai` VALUES (81, '200804246', 'SURIA LALANA, SE', 'C2', NULL, NULL, NULL, NULL, NULL);
INSERT INTO `pegawai` VALUES (82, '200902254', 'EDY RUSLAN', 'A4', NULL, NULL, NULL, NULL, NULL);
INSERT INTO `pegawai` VALUES (83, '200903250', 'INDRA HIDAYAT, A.Md.', 'B3', NULL, NULL, NULL, NULL, NULL);
INSERT INTO `pegawai` VALUES (84, '200903251', 'FAETAL HAKIM', 'B2', NULL, NULL, NULL, NULL, NULL);
INSERT INTO `pegawai` VALUES (85, '200903252', 'ZAENAL', 'B2', NULL, NULL, NULL, NULL, NULL);
INSERT INTO `pegawai` VALUES (86, '200903253', 'I NENGAH PUTRA YASA', 'B2', NULL, NULL, NULL, NULL, NULL);
INSERT INTO `pegawai` VALUES (87, '200904247', 'H. AUDIA FUADI, SE', 'C2', NULL, NULL, NULL, NULL, NULL);
INSERT INTO `pegawai` VALUES (88, '200904248', 'L. TASMANADI, SE.', 'C2', NULL, NULL, NULL, NULL, NULL);
INSERT INTO `pegawai` VALUES (89, '200904249', 'SITI HAMDAH, S.Sos.', 'C2', NULL, NULL, NULL, NULL, NULL);
INSERT INTO `pegawai` VALUES (90, '201003255', 'IDHAM SURYADI', 'B2', NULL, NULL, NULL, NULL, NULL);
INSERT INTO `pegawai` VALUES (91, '201003256', 'LALU DANIAL IRAWAN', 'B2', NULL, NULL, NULL, NULL, NULL);
INSERT INTO `pegawai` VALUES (92, '201003257', 'HAERUL ANWAR', 'B2', NULL, NULL, NULL, NULL, NULL);
INSERT INTO `pegawai` VALUES (93, '201003258', 'IDA BAGUS PUTRA KENITEN', 'B2', NULL, NULL, NULL, NULL, NULL);
INSERT INTO `pegawai` VALUES (94, '201003260', 'AHMAD MUJAMIL', 'B2', 'jamil', '1q2w3e4r5t', '863195037582180', '-8.6737644,115.2399759', 'dzwLOGT7Yso:APA91bHWw8Ih4_MFvPVUGmQU335gWGayOG9QSj-QVkpZT5oFlZXHIrvRKun7y3br827GBUWB4O5IvfOF54MDgibmmqyG3QkKEuXFDxDhjtqQLVCOiNNUZnnpqjcby6_NM7sFIhbRVKrY');
INSERT INTO `pegawai` VALUES (95, '201004261', 'PANJI BAGUS ARNADI, SE', 'C2', NULL, NULL, NULL, NULL, NULL);
INSERT INTO `pegawai` VALUES (96, '201004262', 'RINA AFRIANI, SE', 'C2', NULL, NULL, NULL, NULL, NULL);
INSERT INTO `pegawai` VALUES (97, '201102263', 'TAUFIQURRAHMAN', 'A3', NULL, NULL, NULL, NULL, NULL);
INSERT INTO `pegawai` VALUES (98, '201103264', 'HAIRUL HADI', 'B1', NULL, NULL, NULL, NULL, NULL);
INSERT INTO `pegawai` VALUES (99, '201103265', 'M. IMRON', 'B1', NULL, NULL, NULL, NULL, NULL);
INSERT INTO `pegawai` VALUES (100, '201103266', 'ERIKA DEVAYANTHY', 'B1', NULL, NULL, NULL, NULL, NULL);
INSERT INTO `pegawai` VALUES (101, '201103267', 'ENDANG HERLINA PRATIWI', 'B1', NULL, NULL, NULL, NULL, NULL);
INSERT INTO `pegawai` VALUES (102, '201104269', 'DWI MULYANINGSIH, SH', 'C1', NULL, NULL, NULL, NULL, NULL);
INSERT INTO `pegawai` VALUES (103, '201104270', 'ARY ISWAHYUDI, S.SOS', 'C1', NULL, NULL, NULL, NULL, NULL);
INSERT INTO `pegawai` VALUES (104, '201104271', 'MUHLISIN', 'C1', NULL, NULL, NULL, NULL, NULL);
INSERT INTO `pegawai` VALUES (105, '201202288', 'MUNAWIR HARIS', 'A3', NULL, NULL, NULL, NULL, NULL);
INSERT INTO `pegawai` VALUES (106, '201203277', 'IRVIAN NOFRIZAL,  A.Md', 'B2', NULL, NULL, NULL, NULL, NULL);
INSERT INTO `pegawai` VALUES (107, '201203278', 'DIAN SUMARTI NINGSIH', 'B1', NULL, NULL, NULL, NULL, NULL);
INSERT INTO `pegawai` VALUES (108, '201203279', 'ZIAD AMRULLAH', 'B1', NULL, NULL, NULL, NULL, NULL);
INSERT INTO `pegawai` VALUES (109, '201203280', 'BAIQ INDRA PRATIWI, S.IP', 'B1', NULL, NULL, NULL, NULL, NULL);
INSERT INTO `pegawai` VALUES (110, '201203281', 'AGUS FIAN MARZAN, SE', 'B1', NULL, NULL, NULL, NULL, NULL);
INSERT INTO `pegawai` VALUES (111, '201203282', 'SYAIFUL HASIM, S.Sos', 'B1', NULL, NULL, NULL, NULL, NULL);
INSERT INTO `pegawai` VALUES (112, '201203283', 'M. KHAERUL FATONI', 'B1', NULL, NULL, NULL, NULL, NULL);
INSERT INTO `pegawai` VALUES (113, '201203289', 'AWAN HARIADI', 'B1', NULL, NULL, NULL, NULL, NULL);
INSERT INTO `pegawai` VALUES (114, '201203290', 'M. FAHRIZAL', 'B1', NULL, NULL, NULL, NULL, NULL);
INSERT INTO `pegawai` VALUES (115, '201203292', 'NURUDDIN AROFI', 'B1', NULL, NULL, NULL, NULL, NULL);
INSERT INTO `pegawai` VALUES (116, '201204272', 'DESY ARIANTI, ST', 'C1', NULL, NULL, NULL, NULL, NULL);
INSERT INTO `pegawai` VALUES (117, '201204273', 'SITI HADYA NINGRUM, SE', 'C1', NULL, NULL, NULL, NULL, NULL);
INSERT INTO `pegawai` VALUES (118, '201204274', 'ELYA WARDANI, SE', 'C1', NULL, NULL, NULL, NULL, NULL);
INSERT INTO `pegawai` VALUES (119, '201204275', 'LINDA HARTANI, SE', 'C1', NULL, NULL, NULL, NULL, NULL);
INSERT INTO `pegawai` VALUES (120, '201204276', 'ASPUL KARIYADI, ST', 'C1', NULL, NULL, NULL, NULL, NULL);
INSERT INTO `pegawai` VALUES (121, '201302303', 'MUHAMMAD SYAKUR', 'A3', NULL, NULL, NULL, NULL, NULL);
INSERT INTO `pegawai` VALUES (122, '201303295', 'M. AZHARI, A.Md', 'B2', NULL, NULL, NULL, NULL, NULL);
INSERT INTO `pegawai` VALUES (123, '201303296', 'HERMAN SUSILO', 'B1', NULL, NULL, NULL, NULL, NULL);
INSERT INTO `pegawai` VALUES (124, '201303297', 'ANGGA KURNIAWAN', 'B1', NULL, NULL, NULL, NULL, NULL);
INSERT INTO `pegawai` VALUES (125, '201303298', 'DWI NAYAWAN SAPUTRA, A.Md', 'B1', NULL, NULL, NULL, NULL, NULL);
INSERT INTO `pegawai` VALUES (126, '201303299', 'DODI NARA SANJAYA', 'B1', NULL, NULL, NULL, NULL, NULL);
INSERT INTO `pegawai` VALUES (127, '201303300', 'ISHAK', 'B1', NULL, NULL, NULL, NULL, NULL);
INSERT INTO `pegawai` VALUES (128, '201303301', 'LALU KHUDLRI', 'B1', NULL, NULL, NULL, NULL, NULL);
INSERT INTO `pegawai` VALUES (129, '201303302', 'SINAR ALAM', 'A4', NULL, NULL, NULL, NULL, NULL);
INSERT INTO `pegawai` VALUES (130, '201303304', 'M YUSUF HIDAYAT', 'B2', NULL, NULL, NULL, NULL, NULL);
INSERT INTO `pegawai` VALUES (131, '201304305', 'B. U\'UN RATIH HIDAYATY, ST', 'C1', NULL, NULL, NULL, NULL, NULL);
INSERT INTO `pegawai` VALUES (132, '201403306', 'M. TAMMAMI KURNIAWAN', 'B1', NULL, NULL, NULL, NULL, NULL);
INSERT INTO `pegawai` VALUES (133, '201403307', 'MUHAMMAD HUSAINI', 'B2', NULL, NULL, NULL, NULL, NULL);
INSERT INTO `pegawai` VALUES (134, '201403308', 'PUTU AYU CITRA FEBRIANA', 'B2', NULL, NULL, NULL, NULL, NULL);
INSERT INTO `pegawai` VALUES (135, '201403309', 'KHUSNUL KHOTHIMAH', 'B2', NULL, NULL, NULL, NULL, NULL);
INSERT INTO `pegawai` VALUES (136, '201404310', 'CHAIRI ABDILLAH, ST', 'C1', NULL, NULL, NULL, NULL, NULL);
INSERT INTO `pegawai` VALUES (137, '201403327', 'NURMALA HIDAYATULLAH', 'B1', NULL, NULL, NULL, NULL, NULL);
INSERT INTO `pegawai` VALUES (138, '201404311', 'BAIQ ADHES RIAWANGI, SE', 'C1', NULL, NULL, NULL, NULL, NULL);
INSERT INTO `pegawai` VALUES (139, '201404312', 'BAIQ NORMALITA NITISARI, SE', 'C1', NULL, NULL, NULL, NULL, NULL);
INSERT INTO `pegawai` VALUES (140, '201404313', 'EDHI PRAPTONO, SE', 'C1', NULL, NULL, NULL, NULL, NULL);
INSERT INTO `pegawai` VALUES (141, '201404314', 'UMMI LATIFAH RAEHANUN, SE', 'C1', NULL, NULL, NULL, NULL, NULL);
INSERT INTO `pegawai` VALUES (142, '201404315', 'IWAN KURNIAWAN, SE', 'C1', NULL, NULL, NULL, NULL, NULL);
INSERT INTO `pegawai` VALUES (143, '201404316', 'SRI WAHYUNI, S.Psi', 'C1', NULL, NULL, NULL, NULL, NULL);
INSERT INTO `pegawai` VALUES (144, '201404317', 'YULIANA SUSANTI, S.Psi', 'C1', NULL, NULL, NULL, NULL, NULL);
INSERT INTO `pegawai` VALUES (145, '201404318', 'AGUNG MANDALA PUTRA, ST', 'C1', NULL, NULL, NULL, NULL, NULL);
INSERT INTO `pegawai` VALUES (146, '201404320', 'DADI RAHMAN, ST', 'B3', NULL, NULL, NULL, NULL, NULL);
INSERT INTO `pegawai` VALUES (147, '201404321', 'HAPRISIA WINA WIRIANA, ST', 'C1', NULL, NULL, NULL, NULL, NULL);
INSERT INTO `pegawai` VALUES (148, '201404322', 'YUDI WARIARMAN, ST', 'C1', NULL, NULL, NULL, NULL, NULL);
INSERT INTO `pegawai` VALUES (149, '201404323', 'HENDRA  KUSUMA WIJAYA, ST', 'C1', NULL, NULL, NULL, NULL, NULL);
INSERT INTO `pegawai` VALUES (150, '201404324', 'YUSLINA LUSIANA, ST', 'C1', NULL, NULL, NULL, NULL, NULL);
INSERT INTO `pegawai` VALUES (151, '201404325', 'INDAH PARAMITA, SH', 'C1', NULL, NULL, NULL, NULL, NULL);
INSERT INTO `pegawai` VALUES (152, '201404326', 'PARAMITHA ANGGRAINI, SE', 'C1', NULL, NULL, NULL, NULL, NULL);
INSERT INTO `pegawai` VALUES (153, '201404328', 'AUFA ASFARINA FEBRIANGGIE,SH', 'C1', NULL, NULL, NULL, NULL, NULL);
INSERT INTO `pegawai` VALUES (154, '201404329', 'EKO DAENG WAHYUDIANTO, ST', 'C1', NULL, NULL, NULL, NULL, NULL);
INSERT INTO `pegawai` VALUES (155, '201504330', 'ANGGA FIRMANA, S.I.Kom', 'B4', NULL, NULL, NULL, NULL, NULL);
INSERT INTO `pegawai` VALUES (156, '201601367', 'MUNAWAR', 'A1', NULL, NULL, NULL, NULL, NULL);
INSERT INTO `pegawai` VALUES (157, '201602366', 'ANOM CAHYONO', 'A2', NULL, NULL, NULL, NULL, NULL);
INSERT INTO `pegawai` VALUES (158, '201603348', 'MOHAMAD ROVAN ANDRIANTO, A.Md', 'B1', NULL, NULL, NULL, NULL, NULL);
INSERT INTO `pegawai` VALUES (159, '201603349', 'RIVA YUNI LESTARI, A.Md', 'B1', NULL, NULL, NULL, NULL, NULL);
INSERT INTO `pegawai` VALUES (160, '201603350', 'WAHYU HARTATI,A.Md', 'B1', NULL, NULL, NULL, NULL, NULL);
INSERT INTO `pegawai` VALUES (161, '201603351', 'LAGUNA RAKAS SWARA', 'A4', NULL, NULL, NULL, NULL, NULL);
INSERT INTO `pegawai` VALUES (162, '201603352', 'PANDE  KOMANG ASTAWA', 'A4', NULL, NULL, NULL, NULL, NULL);
INSERT INTO `pegawai` VALUES (163, '201603353', 'LALU MUHAMMAD AZIZ IQBAL', 'A4', NULL, NULL, NULL, NULL, NULL);
INSERT INTO `pegawai` VALUES (164, '201603354', 'AFRIA KURNIATI', 'A4', NULL, NULL, NULL, NULL, NULL);
INSERT INTO `pegawai` VALUES (165, '201603355', 'MUDAWAMAH PERNALINI', 'A4', NULL, NULL, NULL, NULL, NULL);
INSERT INTO `pegawai` VALUES (166, '201603356', 'GINA ANDRYANA', 'A4', NULL, NULL, NULL, NULL, NULL);
INSERT INTO `pegawai` VALUES (167, '201603357', 'YUSRAN SAYID DISKARA', 'A4', NULL, NULL, NULL, NULL, NULL);
INSERT INTO `pegawai` VALUES (168, '201603358', 'MUHAMAD ISHAK', 'A4', NULL, NULL, NULL, NULL, NULL);
INSERT INTO `pegawai` VALUES (169, '201603359', 'ROBIATUL ADAWIYAH', 'A4', NULL, NULL, NULL, NULL, NULL);
INSERT INTO `pegawai` VALUES (170, '201603360', 'L. ZOHRI RAHMAN', 'A4', NULL, NULL, NULL, NULL, NULL);
INSERT INTO `pegawai` VALUES (171, '201603361', 'FAKHRY AVICIENA', 'A4', NULL, NULL, NULL, NULL, NULL);
INSERT INTO `pegawai` VALUES (172, '201603362', 'MURAZIKUSAPIQ', 'A4', NULL, NULL, NULL, NULL, NULL);
INSERT INTO `pegawai` VALUES (173, '201603363', 'OLIPIA ANGGRENI', 'A4', NULL, NULL, NULL, NULL, NULL);
INSERT INTO `pegawai` VALUES (174, '201603364', 'NI WYN SRI KUSUMA NINGSIH', 'A4', NULL, NULL, NULL, NULL, NULL);
INSERT INTO `pegawai` VALUES (175, '201603365', 'LALU SUDIRMAN', 'A4', NULL, NULL, NULL, NULL, NULL);
INSERT INTO `pegawai` VALUES (176, '201604331', 'ANDI FAJAR NUGRAHA, S.Kom.', 'B4', NULL, NULL, NULL, NULL, NULL);
INSERT INTO `pegawai` VALUES (177, '201604332', 'ANDI HARY AKBAR, S.Kom', 'B4', NULL, NULL, NULL, NULL, NULL);
INSERT INTO `pegawai` VALUES (178, '201604333', 'JOHAN ISWARA, S.Kom', 'B4', NULL, NULL, NULL, NULL, NULL);
INSERT INTO `pegawai` VALUES (179, '201604334', 'M. ALFIAN ALAYDRUS, S.KM', 'B4', NULL, NULL, NULL, NULL, NULL);
INSERT INTO `pegawai` VALUES (180, '201604335', 'NIMASH MIFTAHUL SAKINAH,ST', 'B4', NULL, NULL, NULL, NULL, NULL);
INSERT INTO `pegawai` VALUES (181, '201604336', 'PRAMONO BAGUS PRATAMA, ST', 'B4', NULL, NULL, NULL, NULL, NULL);
INSERT INTO `pegawai` VALUES (182, '201604337', 'LALU BAYU ADITYAWARMAN,ST', 'B4', NULL, NULL, NULL, NULL, NULL);
INSERT INTO `pegawai` VALUES (183, '201604338', 'FERRY  HANGGARA SAMUDRA, ST', 'B4', NULL, NULL, NULL, NULL, NULL);
INSERT INTO `pegawai` VALUES (184, '201604339', 'H. SOFIAN FANSORY, ST', 'B4', NULL, NULL, NULL, NULL, NULL);
INSERT INTO `pegawai` VALUES (185, '201604340', 'DWI ARI WIBOWO, ST', 'B4', NULL, NULL, NULL, NULL, NULL);
INSERT INTO `pegawai` VALUES (186, '201604341', 'YANTRI NOVIA PRAMITASARI,ST', 'B4', NULL, NULL, NULL, NULL, NULL);
INSERT INTO `pegawai` VALUES (187, '201604342', 'MUHAMMAD ALI AKBAR, ST', 'B4', NULL, NULL, NULL, NULL, NULL);
INSERT INTO `pegawai` VALUES (188, '201604343', 'DWI YOGIANA SUPRIYANTI,SE', 'B4', NULL, NULL, NULL, NULL, NULL);
INSERT INTO `pegawai` VALUES (189, '201604344', 'FAISAL AKBAR SUKMANA, SE', 'B4', NULL, NULL, NULL, NULL, NULL);
INSERT INTO `pegawai` VALUES (190, '201604345', 'SYOHIBUL HAMDI, SE', 'B4', NULL, NULL, NULL, NULL, NULL);
INSERT INTO `pegawai` VALUES (191, '201604346', 'RIDO MULYA FIRMANDI, SH', 'B4', NULL, NULL, NULL, NULL, NULL);
INSERT INTO `pegawai` VALUES (192, '201704368', 'RESI WAHYUTOMO, Ak., M.Si', 'C1', NULL, NULL, NULL, NULL, NULL);
INSERT INTO `pegawai` VALUES (193, '8101024', 'MUHAIMIN, SH', 'C4', NULL, NULL, NULL, NULL, NULL);
INSERT INTO `pegawai` VALUES (194, '8101036', 'RIDWAN', 'C1', NULL, NULL, NULL, NULL, NULL);
INSERT INTO `pegawai` VALUES (195, '8202048', 'DAHMAR', 'B2', NULL, NULL, NULL, NULL, NULL);
INSERT INTO `pegawai` VALUES (196, '8203038', 'LALU  MUDARWADI, S.Si', 'D1', NULL, NULL, NULL, NULL, NULL);
INSERT INTO `pegawai` VALUES (198, '8403063', 'ZUL\'AINI, SH', 'C4', NULL, NULL, NULL, NULL, NULL);
INSERT INTO `pegawai` VALUES (202, '8403070', 'DARWAN (B)', 'C2', NULL, NULL, NULL, NULL, NULL);
INSERT INTO `pegawai` VALUES (204, '8702080', 'MADE MERTADANA', 'C1', NULL, NULL, NULL, NULL, NULL);
INSERT INTO `pegawai` VALUES (205, '8803084', 'BQ. ASRI INAYAH,', 'C2', NULL, NULL, NULL, NULL, NULL);
INSERT INTO `pegawai` VALUES (206, '9002059', 'KETUT YULIAWAN, SE.', 'C4', NULL, NULL, NULL, NULL, NULL);
INSERT INTO `pegawai` VALUES (207, '9002089', 'LALU BADRI', 'B2', NULL, NULL, NULL, NULL, NULL);
INSERT INTO `pegawai` VALUES (208, '9003088', 'DEWA KETUT SUARTA, SE', 'C4', NULL, NULL, NULL, NULL, NULL);
INSERT INTO `pegawai` VALUES (209, '9003091', 'BAIQ SUHARTINI, SE', 'C4', NULL, NULL, NULL, NULL, NULL);
INSERT INTO `pegawai` VALUES (211, '9102066', 'RUSMINI, S.Sos', 'C3', NULL, NULL, NULL, NULL, NULL);
INSERT INTO `pegawai` VALUES (212, '9102095', 'MASHAR', 'B2', NULL, NULL, NULL, NULL, NULL);
INSERT INTO `pegawai` VALUES (213, '9203096', 'SABILARASYAD', 'C1', NULL, NULL, NULL, NULL, NULL);
INSERT INTO `pegawai` VALUES (214, '9301105', 'ZAENUDDIN (Ms)', 'B4', NULL, NULL, NULL, NULL, NULL);
INSERT INTO `pegawai` VALUES (216, '9401107', 'MIRI', 'B1', NULL, NULL, NULL, NULL, NULL);
INSERT INTO `pegawai` VALUES (217, '9401108', 'BURHANUDIN', 'B4', NULL, NULL, NULL, NULL, NULL);
INSERT INTO `pegawai` VALUES (218, '9401110', 'MAWARDI DWIPUTRA', 'B1', NULL, NULL, NULL, NULL, NULL);
INSERT INTO `pegawai` VALUES (219, '9401112', 'AMIRIN HUSEN', 'B1', NULL, NULL, NULL, NULL, NULL);
INSERT INTO `pegawai` VALUES (220, '9401113', 'JUNAEDI', 'B2', NULL, NULL, NULL, NULL, NULL);
INSERT INTO `pegawai` VALUES (221, '9403098', 'BUDI HERIADI, S.Si', 'C3', NULL, NULL, NULL, NULL, NULL);
INSERT INTO `pegawai` VALUES (222, '9403099', 'LALU BADRUN,  S.SOS', 'C4', NULL, NULL, NULL, NULL, NULL);
INSERT INTO `pegawai` VALUES (223, '9403102', 'AHMADI', 'C1', NULL, NULL, NULL, NULL, NULL);
INSERT INTO `pegawai` VALUES (224, '9403103', 'SUPRIYANTO', 'C1', NULL, NULL, NULL, NULL, NULL);
INSERT INTO `pegawai` VALUES (225, '9403114', 'MARYADI,SE.', 'C3', NULL, NULL, NULL, NULL, NULL);
INSERT INTO `pegawai` VALUES (226, '9504116', 'MARGARET PATRICIA ALEXANDRA MALADA, SE. MT', 'D1', NULL, NULL, NULL, NULL, NULL);
INSERT INTO `pegawai` VALUES (227, '9601123', 'MUDASIH', 'B1', NULL, NULL, NULL, NULL, NULL);
INSERT INTO `pegawai` VALUES (228, '9601124', 'M. NUR KHALIS', 'B4', NULL, NULL, NULL, NULL, NULL);
INSERT INTO `pegawai` VALUES (229, '9602117', 'B. SRI RINJANI', 'C1', NULL, NULL, NULL, NULL, NULL);
INSERT INTO `pegawai` VALUES (230, '9602118', 'SUKARMAN P', 'C1', NULL, NULL, NULL, NULL, NULL);
INSERT INTO `pegawai` VALUES (231, '9602125', 'SUHERMAN', 'B4', NULL, NULL, NULL, NULL, NULL);
INSERT INTO `pegawai` VALUES (232, '9602126', 'NURDIN', 'B2', NULL, NULL, NULL, NULL, NULL);
INSERT INTO `pegawai` VALUES (233, '9602127', 'ZUBAIR GANIF', 'B4', NULL, NULL, NULL, NULL, NULL);
INSERT INTO `pegawai` VALUES (234, '9602129', 'BAMBANG SUSILO G', 'B4', NULL, NULL, NULL, NULL, NULL);
INSERT INTO `pegawai` VALUES (235, '9603119', 'MULYADI', 'C1', NULL, NULL, NULL, NULL, NULL);
INSERT INTO `pegawai` VALUES (236, '9603130', 'BURHANUDIN, A.Md', 'C1', NULL, NULL, NULL, NULL, NULL);
INSERT INTO `pegawai` VALUES (237, '9603131', 'LALU ACHYAR, SE', 'C4', NULL, NULL, NULL, NULL, NULL);
INSERT INTO `pegawai` VALUES (238, '9603132', 'M. SANWANI, ST.', 'C4', NULL, NULL, NULL, NULL, NULL);
INSERT INTO `pegawai` VALUES (239, '9604134', 'SYAHRIR SYAIR, S.Tp', 'D1', NULL, NULL, NULL, NULL, NULL);
INSERT INTO `pegawai` VALUES (240, '9702121', 'DARWAN ( K )', 'C1', NULL, NULL, NULL, NULL, NULL);
INSERT INTO `pegawai` VALUES (241, '9704122', 'B. ERI RATIH R. SE. MUM.', 'D1', NULL, NULL, NULL, NULL, NULL);
INSERT INTO `pegawai` VALUES (242, '9801143', 'AZWARUDDIN', 'B1', NULL, NULL, NULL, NULL, NULL);
INSERT INTO `pegawai` VALUES (243, '9801146', 'HALID FARIS', 'B1', NULL, NULL, NULL, NULL, NULL);
INSERT INTO `pegawai` VALUES (244, '9801153', 'TAUHID', 'B1', NULL, NULL, NULL, NULL, NULL);
INSERT INTO `pegawai` VALUES (245, '9802144', 'JURUH', 'B2', NULL, NULL, NULL, NULL, NULL);
INSERT INTO `pegawai` VALUES (246, '9802155', 'ANDI', 'B2', NULL, NULL, NULL, NULL, NULL);
INSERT INTO `pegawai` VALUES (247, '9803136', 'H. SYAIFUL AKHYAR', 'C1', NULL, NULL, NULL, NULL, NULL);
INSERT INTO `pegawai` VALUES (248, '9803139', 'HERI IRIONO JP', 'C2', NULL, NULL, NULL, NULL, NULL);
INSERT INTO `pegawai` VALUES (249, '9803141', 'ZULKIFLI', 'C1', NULL, NULL, NULL, NULL, NULL);
INSERT INTO `pegawai` VALUES (250, '9803145', 'SYAFII AKBAR', 'C1', NULL, NULL, NULL, NULL, NULL);
INSERT INTO `pegawai` VALUES (251, '9803147', 'SAHRAN', 'C1', NULL, NULL, NULL, NULL, NULL);
INSERT INTO `pegawai` VALUES (252, '9803150', 'YANTI RUSILAWATI, S.Sos', 'C4', NULL, NULL, NULL, NULL, NULL);
INSERT INTO `pegawai` VALUES (253, '9803151', 'BUDI SANTOSO', 'B4', NULL, NULL, NULL, NULL, NULL);
INSERT INTO `pegawai` VALUES (254, '9803152', 'FAKHRUDIN', 'B4', NULL, NULL, NULL, NULL, NULL);
INSERT INTO `pegawai` VALUES (255, '9803154', 'IDA AYU KETUT SUTRINI', 'B4', NULL, NULL, NULL, NULL, NULL);
INSERT INTO `pegawai` VALUES (256, '9804123', 'BAIQ NEDIA IDALI S, SE', 'D1', NULL, NULL, NULL, NULL, NULL);
INSERT INTO `pegawai` VALUES (257, '9804148', 'B. RAHMI NUCIVERA', 'C4', NULL, NULL, NULL, NULL, NULL);
INSERT INTO `pegawai` VALUES (258, '9804149', 'SRI KADARSIH D. S.Sos.', 'C4', NULL, NULL, NULL, NULL, NULL);
INSERT INTO `pegawai` VALUES (259, '9903156', 'SYARIF HIDAYAT', 'C1', NULL, NULL, NULL, NULL, NULL);
INSERT INTO `pegawai` VALUES (260, '9903157', 'L. KUSNIABARI', 'B3', NULL, NULL, NULL, NULL, NULL);
INSERT INTO `pegawai` VALUES (261, '9903158', 'RAMA WASKITA, A.Md.', 'C1', NULL, NULL, NULL, NULL, NULL);
INSERT INTO `pegawai` VALUES (262, '9903160', 'LALU JANWIR RIADI', 'B4', NULL, NULL, NULL, NULL, NULL);
INSERT INTO `pegawai` VALUES (263, '9904159', 'AINI KURNIATI,S.Sos.MSi', 'D1', NULL, NULL, NULL, NULL, NULL);
INSERT INTO `pegawai` VALUES (265, '12345', 'Aditya Firdaus', 'D1', 'adit', '123456', '359991090236057', NULL, 'dR8xtTTq0fQ:APA91bEdIeMFWaTcsFIpumy32xRdoDFYSenLLdP8BGvcXUaTRlGmF0FdBgW26LQ1JJiEIEROq_LUzQady70ViiCwbE-glTsD61RfIhAXW58lgw00pys-wRZ5bWCMSsUu9GNIJoCJRxbC');
INSERT INTO `pegawai` VALUES (266, '123', 'Sri Nugroho', 'A3', 'sri', '123', '867495036828907', NULL, NULL);

-- ----------------------------
-- Table structure for pengumuman
-- ----------------------------
DROP TABLE IF EXISTS `pengumuman`;
CREATE TABLE `pengumuman`  (
  `id` int(11) NOT NULL AUTO_INCREMENT,
  `pengumuman` text CHARACTER SET latin1 COLLATE latin1_swedish_ci NULL,
  `tgl` datetime(0) NULL DEFAULT NULL,
  PRIMARY KEY (`id`) USING BTREE
) ENGINE = InnoDB AUTO_INCREMENT = 14 CHARACTER SET = latin1 COLLATE = latin1_swedish_ci ROW_FORMAT = Dynamic;

-- ----------------------------
-- Records of pengumuman
-- ----------------------------
INSERT INTO `pengumuman` VALUES (2, 'Selamat hari raya Imlek 2019...', '2019-02-18 14:15:08');
INSERT INTO `pengumuman` VALUES (3, 'Pengawai Hari Jumat menggunakan pakaian olahraga', '2019-02-02 16:55:04');
INSERT INTO `pengumuman` VALUES (4, 'Selamat kepada karyawan terbaik bulan Januari Ahmad Mujamil', '2019-02-03 15:09:21');
INSERT INTO `pengumuman` VALUES (5, 'Sholat Yuk', '2019-02-18 10:48:53');
INSERT INTO `pengumuman` VALUES (7, 'test', '2019-02-18 11:02:30');
INSERT INTO `pengumuman` VALUES (8, 'BISA LAH', '2019-02-18 11:04:45');
INSERT INTO `pengumuman` VALUES (9, 'Nooobles', '2019-02-18 11:32:37');
INSERT INTO `pengumuman` VALUES (10, 'lagi makan', '2019-02-18 11:20:27');
INSERT INTO `pengumuman` VALUES (11, 'gege', '2019-02-18 11:32:01');
INSERT INTO `pengumuman` VALUES (12, 'dsdsd', '2019-02-18 12:38:12');
INSERT INTO `pengumuman` VALUES (13, 'test', '2019-02-18 13:41:48');

-- ----------------------------
-- Table structure for timeline
-- ----------------------------
DROP TABLE IF EXISTS `timeline`;
CREATE TABLE `timeline`  (
  `id` int(11) NOT NULL AUTO_INCREMENT,
  `tgl` datetime(0) NULL DEFAULT NULL,
  `nip` varchar(15) CHARACTER SET latin1 COLLATE latin1_swedish_ci NULL DEFAULT NULL,
  `ket_status` varchar(255) CHARACTER SET latin1 COLLATE latin1_swedish_ci NULL DEFAULT NULL,
  `location` varchar(255) CHARACTER SET latin1 COLLATE latin1_swedish_ci NULL DEFAULT NULL,
  PRIMARY KEY (`id`) USING BTREE
) ENGINE = InnoDB AUTO_INCREMENT = 108 CHARACTER SET = latin1 COLLATE = latin1_swedish_ci ROW_FORMAT = Dynamic;

-- ----------------------------
-- Records of timeline
-- ----------------------------
INSERT INTO `timeline` VALUES (38, '2019-02-03 10:45:19', '200001167', 'AAAAYrjMlr4:APA91bFM3SUUHJt4IBHViyoOVm-_yJPnaQ1LHXe7aNerf4pv-VkW2XdXlnbfKGOPKDKNudjGBiLiE5xHKAJawqj7MroKHn9haLs5S6y8-kzh1OzwwmR6LbBR3noBZfwSUFEIjhaalx_H', '-8.6116721,116.1116348');
INSERT INTO `timeline` VALUES (45, '2019-02-03 10:53:59', '200001167', 'dUmcxPMZ59Y:APA91bFBLewmocBr7Y1x7F0OfyFIKC2Iz61GCwiKOfIA1TK1HCPJHGOh27MsCaNG6DbQWm-ryRZy5ws9-1CUsw6pp1ShZYthJTMlW5X8mFvn5kTWhXHWavK_p5j0fGFKH-WlHK_s8o9o', '-8.6116721,116.1116348');
INSERT INTO `timeline` VALUES (47, '2019-02-03 13:10:01', '200001167', 'fFLfUPb_dyE:APA91bEyHeqDzEQKH4sx-7YBTNe3D6Nq35fUcIZn499wtxD2s2YsnESKkBoOBLrwIKjtpK66pUsxbpEHKumr-CC46fWBmerefBHbD7JrCMCz1EdOxOWvIuJffPjIhLLymL5a75GBj9kA', '-8.6116721,116.1116348');
INSERT INTO `timeline` VALUES (48, '2019-02-03 13:17:14', '200001167', 'fCXOTVAT6z8:APA91bGM5SVQuCHs1Fiyexq5eCfCF4a_NaAnb0O7kBrffaN9a__vNcKvqPtt6BlFs1URCk_-5OJoKJ-cdzz0tITSiPzl1uCz4-1C1aRMYN1saoZTvvfmzk29reAGD33vZkdBBMN8E36l', '-8.612017,116.1087992');
INSERT INTO `timeline` VALUES (49, '2019-02-03 13:23:47', '200001167', 'tes', '-8.6116721,116.1116348');
INSERT INTO `timeline` VALUES (50, '2019-02-03 15:21:24', '200001167', 'fXQ-L-goHDg:APA91bHKCyU3v8yoISBYN0PjUl_KVlhKStBqeF7ex0RXuD4TW_oIyzQN1iGzI3FBKd5uztvekpALZOlQs0uBn240tYSM-yAPv2XdQjqRlHgNEzCd0HexOcEgnnbUg4OBo0_mNtAoogTL', '-8.6116816,116.1116367');
INSERT INTO `timeline` VALUES (51, '2019-02-03 15:41:04', '201003260', 'hadi cupu', '-8.6116678,116.1116391');
INSERT INTO `timeline` VALUES (52, '2019-02-03 15:41:32', '200003162', 'posisi', 'tes');
INSERT INTO `timeline` VALUES (53, '2019-02-04 05:06:42', '200001167', 'yuk', '-8.5801224,116.0990809');
INSERT INTO `timeline` VALUES (54, '2019-02-04 07:21:35', '201003260', 'wtf', '-8.5815579,116.0911053');
INSERT INTO `timeline` VALUES (55, '2019-02-04 11:26:59', '200003162', 'fFLfUPb_dyE:APA91bEyHeqDzEQKH4sx-7YBTNe3D6Nq35fUcIZn499wtxD2s2YsnESKkBoOBLrwIKjtpK66pUsxbpEHKumr-CC46fWBmerefBHbD7JrCMCz1EdOxOWvIuJffPjIhLLymL5a75GBj9kA', '-8.5801224,116.0990809');
INSERT INTO `timeline` VALUES (56, '2019-02-04 11:32:56', '200001167', 'cupu', '-8.6750263,116.1222562');
INSERT INTO `timeline` VALUES (57, '2019-02-06 04:53:19', '201003260', 'lagi mengerjakaj a', '-8.6731821,115.2391193');
INSERT INTO `timeline` VALUES (58, '2019-02-06 04:58:00', '201003260', 'sfh', '-8.6731821,115.2391193');
INSERT INTO `timeline` VALUES (59, '2019-02-12 14:55:49', '201003260', 'asss', '-8.6116673,116.1116374');
INSERT INTO `timeline` VALUES (60, '2019-02-12 14:56:16', '201003260', '12345', '-8.6116673,116.1116374');
INSERT INTO `timeline` VALUES (61, '2019-02-13 12:46:56', '200001167', 'wooi', '-8.6116721,116.1116348');
INSERT INTO `timeline` VALUES (62, '2019-02-14 05:31:13', '200003162', 'omae', '-8.5873598,116.0972342');
INSERT INTO `timeline` VALUES (63, '2019-02-14 12:45:46', '200003162', 'oeee', '-8.6116717,116.1116406');
INSERT INTO `timeline` VALUES (64, '2019-02-14 12:45:46', '200003162', 'oeee', '-8.6116717,116.1116406');
INSERT INTO `timeline` VALUES (65, '2019-02-14 12:45:58', '200003162', 'nul posisi?', '-8.611749,116.1115887');
INSERT INTO `timeline` VALUES (66, '2019-02-14 12:46:20', '200001167', 'di bang Jamil', '-8.6116717,116.1116406');
INSERT INTO `timeline` VALUES (67, '2019-02-14 12:46:36', '200003162', 'oke nul', '-8.6116717,116.1116406');
INSERT INTO `timeline` VALUES (68, '2019-02-14 12:50:47', '201003260', 'disaya ni zanul', '-8.6116717,116.1116406');
INSERT INTO `timeline` VALUES (69, '2019-02-14 13:00:58', '200003162', 'kepo', '-8.6116717,116.1116406');
INSERT INTO `timeline` VALUES (70, '2019-02-16 11:32:42', '200002165', 'gak ada', '-8.5801208,116.099086');
INSERT INTO `timeline` VALUES (71, '2019-02-16 11:33:33', '200001167', 'alan bcd', '-8.5801208,116.099086');
INSERT INTO `timeline` VALUES (72, '2019-02-18 06:26:51', '200002165', 'adi ketol', '-8.5801208,116.099086');
INSERT INTO `timeline` VALUES (73, '2019-02-18 06:27:25', '200003162', 'mm noob', '-8.5801208,116.099086');
INSERT INTO `timeline` VALUES (74, '2019-02-18 06:27:25', '200002165', 'sok tau kek zanul', '-8.5801208,116.099086');
INSERT INTO `timeline` VALUES (75, '2019-02-18 06:27:55', '200003162', 'cuou', '-8.5801208,116.099086');
INSERT INTO `timeline` VALUES (76, '2019-02-18 06:28:00', '200002165', 'bacot adi', '-8.5801208,116.099086');
INSERT INTO `timeline` VALUES (77, '2019-02-18 06:28:31', '200002165', 'harpan mengong', '-8.5801208,116.099086');
INSERT INTO `timeline` VALUES (78, '2019-02-18 06:28:52', '200002165', 'siapa yg bales?', '-8.5801208,116.099086');
INSERT INTO `timeline` VALUES (79, '2019-02-18 06:28:57', '200003162', 'udh absen mukanya bang', '-8.5801208,116.099086');
INSERT INTO `timeline` VALUES (80, '2019-02-18 06:29:46', '200003162', 'mana sy tau', '-8.5801208,116.099086');
INSERT INTO `timeline` VALUES (81, '2019-02-18 06:29:54', '200002165', 'wkwk sebelah kanan mu yg bales', '-8.5801208,116.099086');
INSERT INTO `timeline` VALUES (82, '2019-02-18 06:30:24', '200003162', 'curichy itu vang', '-8.5801208,116.099086');
INSERT INTO `timeline` VALUES (83, '2019-02-18 06:30:25', '200002165', 'kok curichy?', '-8.5801208,116.099086');
INSERT INTO `timeline` VALUES (84, '2019-02-18 06:30:51', '200002165', 'hadi idiot', '-8.5801354,116.0988501');
INSERT INTO `timeline` VALUES (85, '2019-02-18 06:31:14', '200003162', 'dia yg bls cbat ni..  curichy yg pake diggie tadi malem tu', '-8.5801208,116.099086');
INSERT INTO `timeline` VALUES (86, '2019-02-18 06:31:22', '200002165', 'kok ada yusrio di kos?', '-8.5801354,116.0988501');
INSERT INTO `timeline` VALUES (87, '2019-02-18 06:32:01', '200003162', 'yaok,  nul?', '-8.5801208,116.099086');
INSERT INTO `timeline` VALUES (88, '2019-02-18 06:32:51', '200002165', 'sehat di? eta frosnyett', '-8.5801354,116.0988501');
INSERT INTO `timeline` VALUES (89, '2019-02-18 06:33:17', '200003162', 'bacot', '-8.5801208,116.099086');
INSERT INTO `timeline` VALUES (90, '2019-02-18 06:33:45', '200002165', 'otw kos ne', '-8.5801354,116.0988501');
INSERT INTO `timeline` VALUES (91, '2019-02-18 06:37:22', '200003162', 'ok', '-8.5801208,116.099086');
INSERT INTO `timeline` VALUES (92, '2019-02-18 06:56:30', '200003162', 'tws', '-8.5801354,116.0988501');
INSERT INTO `timeline` VALUES (93, '2019-02-18 08:16:06', '200003162', 'nep', '-8.5801354,116.0988501');
INSERT INTO `timeline` VALUES (94, '2019-02-18 08:22:02', '200002165', 'b23', '-8.5801354,116.0988501');
INSERT INTO `timeline` VALUES (95, '2019-02-18 08:35:56', '200001167', 'tes', '-8.5801208,116.099086');
INSERT INTO `timeline` VALUES (96, '2019-02-18 08:36:38', '200001167', 'RIBUUTTT KELEN', '-8.5801208,116.099086');
INSERT INTO `timeline` VALUES (97, '2019-02-18 08:37:45', '200001167', 'apasih', '-8.5801208,116.099086');
INSERT INTO `timeline` VALUES (98, '2019-02-18 08:38:49', '200001167', 'hiya hiya hiyaaa', '-8.5801208,116.099086');
INSERT INTO `timeline` VALUES (99, '2019-02-19 10:47:23', '200001167', 'woiiii diem2 bae', '-8.6762589,116.1150776');
INSERT INTO `timeline` VALUES (100, '2019-02-19 14:54:34', '200002165', 'mabar laa', '-8.5801208,116.099086');
INSERT INTO `timeline` VALUES (101, '2019-02-19 14:54:36', '200003162', 'maen ayok', '-8.5801354,116.0988501');
INSERT INTO `timeline` VALUES (102, '2019-02-19 14:55:19', '200003162', 'mana km lan', '-8.5801354,116.0988501');
INSERT INTO `timeline` VALUES (103, '2019-02-21 17:07:02', '200002165', 'sepi', '-8.5850431,116.0781436');
INSERT INTO `timeline` VALUES (104, '2019-02-22 01:26:51', '123456', 'Kampanye Prabowo', '-8.5831055,116.0989974');
INSERT INTO `timeline` VALUES (105, '2019-02-28 09:53:16', '200003162', 'gege', '-8.6117515,116.1115887');
INSERT INTO `timeline` VALUES (106, '2019-03-05 13:46:46', '200001167', 'apa yg anda kerjakan hari ini?', '-8.6116716,116.111642');
INSERT INTO `timeline` VALUES (107, '2019-03-18 04:32:44', '201003260', 'ambil setoran di mana', '-8.6737104,115.2400118');

-- ----------------------------
-- Table structure for user
-- ----------------------------
DROP TABLE IF EXISTS `user`;
CREATE TABLE `user`  (
  `nip` varchar(15) CHARACTER SET latin1 COLLATE latin1_swedish_ci NULL DEFAULT NULL,
  `username` varchar(10) CHARACTER SET latin1 COLLATE latin1_swedish_ci NULL DEFAULT NULL,
  `password` varchar(15) CHARACTER SET latin1 COLLATE latin1_swedish_ci NULL DEFAULT NULL
) ENGINE = InnoDB CHARACTER SET = latin1 COLLATE = latin1_swedish_ci ROW_FORMAT = Dynamic;

-- ----------------------------
-- Records of user
-- ----------------------------
INSERT INTO `user` VALUES ('200001167', 'admin', '1234');
INSERT INTO `user` VALUES ('200303180', 'murlan', '1234');

-- ----------------------------
-- View structure for vw_hakakses
-- ----------------------------
DROP VIEW IF EXISTS `vw_hakakses`;
CREATE ALGORITHM = UNDEFINED SQL SECURITY DEFINER VIEW `vw_hakakses` AS select `a`.`nip` AS `nip`,`a`.`username` AS `username`,`a`.`password` AS `password`,`b`.`kd_menu` AS `kd_menu`,`c`.`nm_menu` AS `nm_menu`,`c`.`kd_parent` AS `kd_parent`,`c`.`status` AS `status`,`c`.`controller` AS `controller`,`c`.`icon` AS `icon`,`d`.`nm_pegawai` AS `nm_pegawai`,`d`.`gol` AS `gol` from (((`user` `a` join `akses` `b` on((`a`.`username` = `b`.`username`))) join `menu` `c` on((`b`.`kd_menu` = `c`.`kd_menu`))) join `pegawai` `d` on((`a`.`nip` = `d`.`nip`)));

-- ----------------------------
-- Event structure for posting_data
-- ----------------------------
DROP EVENT IF EXISTS `posting_data`;
delimiter ;;
CREATE EVENT `posting_data`
ON SCHEDULE
EVERY '1' DAY STARTS '2019-02-14 18:00:00'
ON COMPLETION PRESERVE
DO BEGIN
SET @jam = (SELECT jam_toleransi FROM konfigurasi);

DELETE FROM data_absen WHERE tgl = DATE(NOW());

INSERT INTO data_absen (tgl,nip,ket_absen) SELECT DISTINCT DATE(NOW()),nip,ket_absen FROM izin_pegawai 
WHERE DATE(NOW()) BETWEEN tgl_mulai AND tgl_selesai AND `status`=1;

INSERT INTO data_absen (tgl,nip,ket_absen) SELECT DATE(tgl_absen),nip,IF(TIME(tgl_absen)>@jam,'Telat','Tepat') ket_absen FROM absen_pegawai WHERE DATE(tgl_absen)=DATE(NOW());

UPDATE absen_pegawai SET tgl_pulang=NOW() WHERE tgl_pulang IS NULL;

INSERT INTO data_absen (tgl,nip,ket_absen) SELECT DATE(NOW()),nip,'Alpha' ket_absen FROM pegawai WHERE nip NOT IN (SELECT nip FROM absen_pegawai WHERE DATE(tgl_absen)=DATE(NOW()) UNION ALL 
SELECT nip FROM izin_pegawai WHERE DATE(NOW()) BETWEEN tgl_mulai AND tgl_selesai AND `status`=1);

END
;;
delimiter ;

-- ----------------------------
-- Event structure for reset_api
-- ----------------------------
DROP EVENT IF EXISTS `reset_api`;
delimiter ;;
CREATE EVENT `reset_api`
ON SCHEDULE
EVERY '1' MINUTE STARTS '2019-02-28 06:00:00'
DO BEGIN
UPDATE api set hit=0;
END
;;
delimiter ;

SET FOREIGN_KEY_CHECKS = 1;
